,AAPL,AMZN,JNJ,JPM,MSFT,NVDA,TSLA
AAPL,1.0,0.5516560651461991,0.15147533549084863,0.3595226465962718,0.6074687901025819,0.5164202972116864,0.492857291463266
AMZN,0.5516560651461991,1.0,0.005027560365981966,0.3471406770721331,0.6412547787178254,0.5536369245637736,0.44287854112976577
JNJ,0.15147533549084863,0.005027560365981966,1.0,0.1933633134284484,0.06131549689788521,-0.09656216831311012,-0.02352196584265258
JPM,0.3595226465962718,0.3471406770721331,0.1933633134284484,1.0,0.3071216170548945,0.3182579787426966,0.3077975037215526
MSFT,0.6074687901025819,0.6412547787178254,0.06131549689788521,0.3071216170548945,1.0,0.6194807636461467,0.4175307469061865
NVDA,0.5164202972116864,0.5536369245637736,-0.09656216831311012,0.3182579787426966,0.6194807636461467,1.0,0.479821507440655
TSLA,0.492857291463266,0.44287854112976577,-0.02352196584265258,0.3077975037215526,0.4175307469061865,0.479821507440655,1.0
